split0_test_rmse,split1_test_rmse,split2_test_rmse,mean_test_rmse,std_test_rmse,rank_test_rmse,split0_test_mae,split1_test_mae,split2_test_mae,mean_test_mae,std_test_mae,rank_test_mae,mean_fit_time,std_fit_time,mean_test_time,std_test_time,params,param_n_factors,param_n_epochs,param_lr_all,param_reg_all
0.9043303198439538,0.9029547112005375,0.9036476705318564,0.9036442338587826,0.000561595134714089,9,0.7165145538940998,0.7145138678555921,0.7147081110917328,0.7152455109471415,0.0009008459393314314,9,2.415990114212036,0.026322819972544886,4.005721251169841,0.08242335051138565,"{'n_factors': 50, 'n_epochs': 10, 'lr_all': 0.005, 'reg_all': 0.02}",50,10,0.005,0.02
0.8816980487973839,0.8824340236102285,0.8818461331354717,0.881992735181028,0.0003178404747735252,1,0.6938337031129591,0.6942338444891981,0.6929759230880789,0.6936811568967455,0.0005247503050082001,1,4.957457860310872,0.04654564184212848,4.384562730789185,0.16368231307717793,"{'n_factors': 50, 'n_epochs': 20, 'lr_all': 0.005, 'reg_all': 0.02}",50,20,0.005,0.02
0.8885440530114077,0.8872104702163458,0.8887767715409781,0.8881770982562439,0.0006900805770049591,3,0.6955510540562652,0.6941502576687703,0.6951608053775601,0.6949540390341985,0.0005902665332232191,2,7.809333801269531,0.13824520866437037,5.413397868474324,0.19589043834916653,"{'n_factors': 50, 'n_epochs': 30, 'lr_all': 0.005, 'reg_all': 0.02}",50,30,0.005,0.02
0.9013112757806915,0.9013622568530911,0.9013380625077989,0.9013371983805273,2.082190309443146e-05,8,0.7134927657325452,0.7127744859109049,0.7124199581820013,0.7128957366084837,0.0004462848932191934,8,4.597260475158691,0.15675763852185018,5.478647470474243,0.07185121778884003,"{'n_factors': 100, 'n_epochs': 10, 'lr_all': 0.005, 'reg_all': 0.02}",100,10,0.005,0.02
0.8852599067255782,0.8851303114859197,0.8858946563235466,0.8854282915116816,0.00033398686086432284,2,0.6962474839201939,0.6959138889660377,0.695594822869367,0.6959187319185328,0.0002664697637109474,3,9.86124356587728,0.04488620972620715,6.260940869649251,0.3555484532861219,"{'n_factors': 100, 'n_epochs': 20, 'lr_all': 0.005, 'reg_all': 0.02}",100,20,0.005,0.02
0.8977693565787205,0.8950786483092044,0.895997639116213,0.8962818813347125,0.001116713325491012,5,0.7031115126400943,0.7005448027163853,0.7010330248816897,0.701563113412723,0.0011128777549417885,5,16.47575314839681,0.5330960615888704,6.342053095499675,0.5455385538337917,"{'n_factors': 100, 'n_epochs': 30, 'lr_all': 0.005, 'reg_all': 0.02}",100,30,0.005,0.02
0.9017775966141811,0.9011862427299512,0.9009353376219419,0.901299725655358,0.000353090010498866,7,0.7138394332378689,0.7126023700223378,0.7117586352451502,0.7127334795017856,0.0008545261233870747,7,8.32877786954244,0.2918607284473233,6.820716619491577,0.05578496182136868,"{'n_factors': 150, 'n_epochs': 10, 'lr_all': 0.005, 'reg_all': 0.02}",150,10,0.005,0.02
0.8889021899346573,0.8881644815095618,0.8893927949050566,0.8888198221164253,0.0005048278865106485,4,0.6989031118262572,0.6979808998972475,0.6987063382562965,0.6985301166599337,0.0003965763892538221,4,14.965778986612955,0.7342579119625696,3.9471383094787598,0.08239828443571023,"{'n_factors': 150, 'n_epochs': 20, 'lr_all': 0.005, 'reg_all': 0.02}",150,20,0.005,0.02
0.8984715744670163,0.8980580662603753,0.8984060640802749,0.8983119016025555,0.00018147027010422922,6,0.7043281063285319,0.7040271506753837,0.7035230744455141,0.7039594438164766,0.0003321217118528607,6,17.08043932914734,0.9469438450056352,3.5720324516296387,0.010943950068166817,"{'n_factors': 150, 'n_epochs': 30, 'lr_all': 0.005, 'reg_all': 0.02}",150,30,0.005,0.02
